[
   {
      "status": "to_fix",
      "jfrog_severity": "high",
      "id": "EXP-1681-00001",
      "description": "Hardcoded secrets were found",
      "abbreviation": "REQ.SECRET.GENERIC",
      "cwe": {
         "cwe_id": "CWE-256",
         "cwe_name": "Unprotected Storage of Credentials"
      },
      "outcomes": [
         "Credential extraction",
         "Data collection"
      ],
      "fix_cost": "medium",
      "file_path": "/layers/paketo-buildpacks_bellsoft-liberica/jre/conf/management/jmxremote.password.template"
   }
]
