[
   {
      "component": "jakarta.transaction:jakarta.transaction-api",
      "version_in_use": "2.0.1",
      "risk": "Low",
      "risk_reason": "Version Age",
      "is_eol": null,
      "released": "0001-01-01T00:00:00Z",
      "latest_version": "2.0.1",
      "cadence": 0,
      "committers": null,
      "commits": null
   },
   {
      "component": "jakarta.xml.bind:jakarta.xml.bind-api",
      "version_in_use": "4.0.0",
      "risk": "High",
      "risk_reason": "Health",
      "is_eol": null,
      "released": "0001-01-01T00:00:00Z",
      "latest_version": "4.0.1",
      "cadence": 0,
      "committers": null,
      "commits": null
   },
   {
      "component": "org.latencyutils:LatencyUtils",
      "version_in_use": "2.0.3",
      "risk": "High",
      "risk_reason": "Health",
      "is_eol": null,
      "released": "0001-01-01T00:00:00Z",
      "latest_version": "2.0.3",
      "cadence": 0,
      "committers": null,
      "commits": null
   },
   {
      "component": "org.springframework:spring-aop",
      "version_in_use": "6.0.11",
      "risk": "None",
      "risk_reason": "None",
      "is_eol": null,
      "released": "2023-07-13T08:53:00Z",
      "latest_version": "6.0.13",
      "cadence": 0,
      "committers": null,
      "commits": null
   },
   {
      "component": "org.springframework:spring-aspects",
      "version_in_use": "6.0.11",
      "risk": "None",
      "risk_reason": "None",
      "is_eol": null,
      "released": "2023-07-13T08:53:00Z",
      "latest_version": "6.0.13",
      "cadence": 0,
      "committers": null,
      "commits": null
   },
   {
      "component": "org.springframework:spring-tx",
      "version_in_use": "6.0.11",
      "risk": "None",
      "risk_reason": "None",
      "is_eol": null,
      "released": "2023-07-13T08:53:00Z",
      "latest_version": "6.0.13",
      "cadence": 0,
      "committers": null,
      "commits": null
   },
   {
      "component": "org.apache.tomcat.embed:tomcat-embed-el",
      "version_in_use": "10.1.12",
      "risk": "Medium",
      "risk_reason": "Number of new versions",
      "is_eol": null,
      "released": "2023-08-08T19:51:00Z",
      "latest_version": "11.0.0-M12",
      "cadence": 0,
      "committers": null,
      "commits": null
   },
   {
      "component": "org.slf4j:jul-to-slf4j",
      "version_in_use": "2.0.7",
      "risk": "None",
      "risk_reason": "None",
      "is_eol": null,
      "released": "0001-01-01T00:00:00Z",
      "latest_version": "2.0.9",
      "cadence": 0,
      "committers": null,
      "commits": null
   },
   {
      "component": "org.springframework:spring-orm",
      "version_in_use": "6.0.11",
      "risk": "None",
      "risk_reason": "None",
      "is_eol": null,
      "released": "2023-07-13T08:53:00Z",
      "latest_version": "6.0.13",
      "cadence": 0,
      "committers": null,
      "commits": null
   },
   {
      "component": "org.unbescape:unbescape",
      "version_in_use": "1.1.6.RELEASE",
      "risk": "High",
      "risk_reason": "Health",
      "is_eol": null,
      "released": "0001-01-01T00:00:00Z",
      "latest_version": "1.1.6.RELEASE",
      "cadence": 0,
      "committers": null,
      "commits": null
   },
   {
      "component": "com.fasterxml.jackson.datatype:jackson-datatype-jsr310",
      "version_in_use": "2.15.2",
      "risk": "None",
      "risk_reason": "None",
      "is_eol": null,
      "released": "2023-05-30T23:45:35Z",
      "latest_version": "2.15.3",
      "cadence": 0,
      "committers": null,
      "commits": null
   },
   {
      "component": "org.hibernate.orm:hibernate-core",
      "version_in_use": "6.2.7.Final",
      "risk": "None",
      "risk_reason": "None",
      "is_eol": null,
      "released": "2023-07-20T19:13:00Z",
      "latest_version": "6.3.1.Final",
      "cadence": 2,
      "committers": null,
      "commits": null
   },
   {
      "component": "org.slf4j:slf4j-api",
      "version_in_use": "2.0.7",
      "risk": "None",
      "risk_reason": "None",
      "is_eol": null,
      "released": "0001-01-01T00:00:00Z",
      "latest_version": "2.0.9",
      "cadence": 0,
      "committers": null,
      "commits": null
   },
   {
      "component": "org.springframework:spring-core",
      "version_in_use": "6.0.11",
      "risk": "None",
      "risk_reason": "None",
      "is_eol": null,
      "released": "2023-07-13T08:54:00Z",
      "latest_version": "6.0.13",
      "cadence": 0,
      "committers": null,
      "commits": null
   },
   {
      "component": "com.fasterxml.jackson.core:jackson-databind",
      "version_in_use": "2.15.2",
      "risk": "None",
      "risk_reason": "None",
      "is_eol": null,
      "released": "2023-05-30T23:27:37Z",
      "latest_version": "2.15.3",
      "cadence": 0,
      "committers": null,
      "commits": null
   },
   {
      "component": "org.antlr:antlr4-runtime",
      "version_in_use": "4.10.1",
      "risk": "Low",
      "risk_reason": "Number of new versions and Version Age",
      "is_eol": null,
      "released": "2022-04-15T21:46:00Z",
      "latest_version": "4.13.1",
      "cadence": 0,
      "committers": null,
      "commits": null
   },
   {
      "component": "org.aspectj:aspectjweaver",
      "version_in_use": "1.9.20",
      "risk": "None",
      "risk_reason": "None",
      "is_eol": null,
      "released": "2023-08-16T06:41:25Z",
      "latest_version": "1.9.20.1",
      "cadence": 0,
      "committers": null,
      "commits": null
   },
   {
      "component": "org.springframework:spring-jdbc",
      "version_in_use": "6.0.11",
      "risk": "None",
      "risk_reason": "None",
      "is_eol": null,
      "released": "2023-07-13T08:54:00Z",
      "latest_version": "6.0.13",
      "cadence": 0,
      "committers": null,
      "commits": null
   },
   {
      "component": "org.yaml:snakeyaml",
      "version_in_use": "1.33",
      "risk": "None",
      "risk_reason": "None",
      "is_eol": null,
      "released": "0001-01-01T00:00:00Z",
      "latest_version": "2.2",
      "cadence": 0,
      "committers": null,
      "commits": null
   },
   {
      "component": "net.bytebuddy:byte-buddy",
      "version_in_use": "1.14.6",
      "risk": "None",
      "risk_reason": "None",
      "is_eol": null,
      "released": "2023-08-14T19:43:00Z",
      "latest_version": "1.14.9",
      "cadence": 0,
      "committers": null,
      "commits": null
   },
   {
      "component": "com.google.errorprone:error_prone_annotations",
      "version_in_use": "2.21.1",
      "risk": "None",
      "risk_reason": "None",
      "is_eol": null,
      "released": "2023-08-04T21:37:00Z",
      "latest_version": "2.22.0",
      "cadence": 3,
      "committers": null,
      "commits": null
   },
   {
      "component": "jakarta.annotation:jakarta.annotation-api",
      "version_in_use": "2.1.1",
      "risk": "High",
      "risk_reason": "Health",
      "is_eol": null,
      "released": "0001-01-01T00:00:00Z",
      "latest_version": "2.1.1",
      "cadence": 0,
      "committers": null,
      "commits": null
   },
   {
      "component": "javax.cache:cache-api",
      "version_in_use": "1.1.1",
      "risk": "High",
      "risk_reason": "Health",
      "is_eol": null,
      "released": "2019-05-10T06:07:00Z",
      "latest_version": "1.1.1",
      "cadence": 0,
      "committers": null,
      "commits": null
   },
   {
      "component": "org.apache.tomcat.embed:tomcat-embed-websocket",
      "version_in_use": "10.1.12",
      "risk": "Medium",
      "risk_reason": "Number of new versions",
      "is_eol": null,
      "released": "2023-08-08T19:51:00Z",
      "latest_version": "11.0.0-M12",
      "cadence": 0,
      "committers": null,
      "commits": null
   },
   {
      "component": "org.springframework.data:spring-data-commons",
      "version_in_use": "3.1.3",
      "risk": "None",
      "risk_reason": "None",
      "is_eol": null,
      "released": "2023-08-18T12:12:00Z",
      "latest_version": "3.1.4",
      "cadence": 0,
      "committers": null,
      "commits": null
   },
   {
      "component": "org.springframework:spring-context-support",
      "version_in_use": "6.0.11",
      "risk": "None",
      "risk_reason": "None",
      "is_eol": null,
      "released": "2023-07-13T08:53:00Z",
      "latest_version": "6.0.13",
      "cadence": 5,
      "committers": null,
      "commits": null
   },
   {
      "component": "org.springframework:spring-web",
      "version_in_use": "6.0.11",
      "risk": "None",
      "risk_reason": "None",
      "is_eol": null,
      "released": "2023-07-13T08:54:00Z",
      "latest_version": "6.0.13",
      "cadence": 0,
      "committers": null,
      "commits": null
   },
   {
      "component": "jakarta.persistence:jakarta.persistence-api",
      "version_in_use": "3.1.0",
      "risk": "High",
      "risk_reason": "Health",
      "is_eol": null,
      "released": "0001-01-01T00:00:00Z",
      "latest_version": "3.1.0",
      "cadence": 0,
      "committers": null,
      "commits": null
   },
   {
      "component": "jakarta.validation:jakarta.validation-api",
      "version_in_use": "3.0.2",
      "risk": "High",
      "risk_reason": "Health",
      "is_eol": null,
      "released": "0001-01-01T00:00:00Z",
      "latest_version": "3.0.2",
      "cadence": 0,
      "committers": null,
      "commits": null
   },
   {
      "component": "org.apache.logging.log4j:log4j-to-slf4j",
      "version_in_use": "2.20.0",
      "risk": "None",
      "risk_reason": "None",
      "is_eol": null,
      "released": "0001-01-01T00:00:00Z",
      "latest_version": "3.0.0-alpha1",
      "cadence": 0,
      "committers": null,
      "commits": null
   },
   {
      "component": "org.hibernate.common:hibernate-commons-annotations",
      "version_in_use": "6.0.6.Final",
      "risk": "None",
      "risk_reason": "None",
      "is_eol": null,
      "released": "0001-01-01T00:00:00Z",
      "latest_version": "6.0.6.Final",
      "cadence": 0,
      "committers": null,
      "commits": null
   },
   {
      "component": "com.fasterxml.jackson.core:jackson-core",
      "version_in_use": "2.15.2",
      "risk": "None",
      "risk_reason": "None",
      "is_eol": null,
      "released": "2023-05-30T22:17:00Z",
      "latest_version": "2.15.3",
      "cadence": 0,
      "committers": null,
      "commits": null
   },
   {
      "component": "jakarta.activation:jakarta.activation-api",
      "version_in_use": "2.1.2",
      "risk": "None",
      "risk_reason": "None",
      "is_eol": null,
      "released": "0001-01-01T00:00:00Z",
      "latest_version": "2.1.2",
      "cadence": 0,
      "committers": null,
      "commits": null
   },
   {
      "component": "org.springframework.data:spring-data-jpa",
      "version_in_use": "3.1.3",
      "risk": "None",
      "risk_reason": "None",
      "is_eol": null,
      "released": "2023-08-18T12:14:00Z",
      "latest_version": "3.1.4",
      "cadence": 0,
      "committers": null,
      "commits": null
   },
   {
      "component": "org.springframework:spring-beans",
      "version_in_use": "6.0.11",
      "risk": "None",
      "risk_reason": "None",
      "is_eol": null,
      "released": "2023-07-13T08:53:00Z",
      "latest_version": "6.0.13",
      "cadence": 0,
      "committers": null,
      "commits": null
   },
   {
      "component": "org.springframework:spring-context",
      "version_in_use": "6.0.11",
      "risk": "None",
      "risk_reason": "None",
      "is_eol": null,
      "released": "2023-07-13T08:54:00Z",
      "latest_version": "6.0.13",
      "cadence": 0,
      "committers": null,
      "commits": null
   },
   {
      "component": "org.springframework:spring-jcl",
      "version_in_use": "6.0.11",
      "risk": "None",
      "risk_reason": "None",
      "is_eol": null,
      "released": "2023-07-13T08:53:00Z",
      "latest_version": "6.0.13",
      "cadence": 0,
      "committers": null,
      "commits": null
   },
   {
      "component": "org.webjars.npm:font-awesome",
      "version_in_use": "4.7.0",
      "risk": "High",
      "risk_reason": "Health",
      "is_eol": null,
      "released": "2017-09-30T12:24:34Z",
      "latest_version": "4.7.0",
      "cadence": 0,
      "committers": 1,
      "commits": 3
   },
   {
      "component": "io.micrometer:micrometer-observation",
      "version_in_use": "1.11.3",
      "risk": "None",
      "risk_reason": "None",
      "is_eol": null,
      "released": "2023-08-14T22:58:00Z",
      "latest_version": "1.11.5",
      "cadence": 3,
      "committers": null,
      "commits": null
   },
   {
      "component": "org.eclipse.angus:angus-activation",
      "version_in_use": "2.0.1",
      "risk": "None",
      "risk_reason": "None",
      "is_eol": null,
      "released": "2023-04-27T13:21:42Z",
      "latest_version": "2.0.1",
      "cadence": 3,
      "committers": null,
      "commits": null
   },
   {
      "component": "org.springframework.boot:spring-boot-jarmode-layertools",
      "version_in_use": "3.1.3",
      "risk": "None",
      "risk_reason": "None",
      "is_eol": null,
      "released": "2023-08-24T10:23:54Z",
      "latest_version": "3.1.4",
      "cadence": 7,
      "committers": null,
      "commits": null
   },
   {
      "component": "com.fasterxml.jackson.datatype:jackson-datatype-jdk8",
      "version_in_use": "2.15.2",
      "risk": "None",
      "risk_reason": "None",
      "is_eol": null,
      "released": "2023-05-30T23:45:31Z",
      "latest_version": "2.15.3",
      "cadence": 0,
      "committers": null,
      "commits": null
   },
   {
      "component": "com.sun.istack:istack-commons-runtime",
      "version_in_use": "4.1.2",
      "risk": "None",
      "risk_reason": "None",
      "is_eol": null,
      "released": "0001-01-01T00:00:00Z",
      "latest_version": "4.2.0",
      "cadence": 0,
      "committers": null,
      "commits": null
   },
   {
      "component": "jakarta.inject:jakarta.inject-api",
      "version_in_use": "2.0.1",
      "risk": "High",
      "risk_reason": "Health",
      "is_eol": null,
      "released": "2021-10-16T18:56:00Z",
      "latest_version": "2.0.1.MR",
      "cadence": 0,
      "committers": null,
      "commits": null
   },
   {
      "component": "org.springframework:spring-expression",
      "version_in_use": "6.0.11",
      "risk": "None",
      "risk_reason": "None",
      "is_eol": null,
      "released": "2023-07-13T08:54:00Z",
      "latest_version": "6.0.13",
      "cadence": 0,
      "committers": null,
      "commits": null
   },
   {
      "component": "org.webjars.npm:bootstrap",
      "version_in_use": "5.2.3",
      "risk": "None",
      "risk_reason": "None",
      "is_eol": null,
      "released": "2022-11-23T02:00:00Z",
      "latest_version": "5.3.2",
      "cadence": 3,
      "committers": null,
      "commits": null
   },
   {
      "component": "com.fasterxml.jackson.module:jackson-module-parameter-names",
      "version_in_use": "2.15.2",
      "risk": "None",
      "risk_reason": "None",
      "is_eol": null,
      "released": "2023-05-30T23:45:37Z",
      "latest_version": "2.15.3",
      "cadence": 0,
      "committers": null,
      "commits": null
   },
   {
      "component": "com.h2database:h2",
      "version_in_use": "2.1.214",
      "risk": "High",
      "risk_reason": "Health",
      "is_eol": null,
      "released": "2022-06-14T18:50:00Z",
      "latest_version": "2.2.224",
      "cadence": 0,
      "committers": null,
      "commits": null
   },
   {
      "component": "io.micrometer:micrometer-commons",
      "version_in_use": "1.11.3",
      "risk": "None",
      "risk_reason": "None",
      "is_eol": null,
      "released": "2023-08-14T22:58:00Z",
      "latest_version": "1.11.5",
      "cadence": 3,
      "committers": null,
      "commits": null
   },
   {
      "component": "org.hdrhistogram:HdrHistogram",
      "version_in_use": "2.1.12",
      "risk": "High",
      "risk_reason": "Health",
      "is_eol": null,
      "released": "0001-01-01T00:00:00Z",
      "latest_version": "2.1.12",
      "cadence": 0,
      "committers": null,
      "commits": null
   },
   {
      "component": "org.springframework:spring-webmvc",
      "version_in_use": "6.0.11",
      "risk": "None",
      "risk_reason": "None",
      "is_eol": null,
      "released": "2023-07-13T08:53:00Z",
      "latest_version": "6.0.13",
      "cadence": 0,
      "committers": null,
      "commits": null
   },
   {
      "component": "com.fasterxml.jackson.core:jackson-annotations",
      "version_in_use": "2.15.2",
      "risk": "None",
      "risk_reason": "None",
      "is_eol": null,
      "released": "2023-05-30T20:34:00Z",
      "latest_version": "2.15.3",
      "cadence": 0,
      "committers": null,
      "commits": null
   },
   {
      "component": "io.micrometer:micrometer-core",
      "version_in_use": "1.11.3",
      "risk": "None",
      "risk_reason": "None",
      "is_eol": null,
      "released": "2023-08-14T22:58:00Z",
      "latest_version": "1.11.5",
      "cadence": 0,
      "committers": null,
      "commits": null
   },
   {
      "component": "io.smallrye:jandex",
      "version_in_use": "3.0.5",
      "risk": "None",
      "risk_reason": "None",
      "is_eol": null,
      "released": "2022-12-02T15:07:00Z",
      "latest_version": "3.1.5",
      "cadence": 4,
      "committers": null,
      "commits": null
   },
   {
      "component": "org.apache.tomcat.embed:tomcat-embed-core",
      "version_in_use": "10.1.12",
      "risk": "Medium",
      "risk_reason": "Number of new versions",
      "is_eol": null,
      "released": "2023-08-08T19:50:00Z",
      "latest_version": "11.0.0-M12",
      "cadence": 0,
      "committers": null,
      "commits": null
   },
   {
      "component": "com.fasterxml:classmate",
      "version_in_use": "1.5.1",
      "risk": "High",
      "risk_reason": "Health",
      "is_eol": null,
      "released": "0001-01-01T00:00:00Z",
      "latest_version": "1.6.0",
      "cadence": 0,
      "committers": null,
      "commits": null
   },
   {
      "component": "com.zaxxer:HikariCP",
      "version_in_use": "5.0.1",
      "risk": "High",
      "risk_reason": "Health",
      "is_eol": null,
      "released": "0001-01-01T00:00:00Z",
      "latest_version": "5.0.1",
      "cadence": 0,
      "committers": null,
      "commits": null
   },
   {
      "component": "org.apache.logging.log4j:log4j-api",
      "version_in_use": "2.20.0",
      "risk": "None",
      "risk_reason": "None",
      "is_eol": null,
      "released": "0001-01-01T00:00:00Z",
      "latest_version": "3.0.0-alpha1",
      "cadence": 0,
      "committers": null,
      "commits": null
   },
   {
      "component": "bootstrap",
      "version_in_use": "5.2.3",
      "risk": "None",
      "risk_reason": "None",
      "is_eol": null,
      "released": "2022-11-22T07:47:10Z",
      "latest_version": "5.3.0-alpha3",
      "cadence": 9,
      "committers": null,
      "commits": null
   },
   {
      "component": "font-awesome",
      "version_in_use": "4.7.0",
      "risk": "High",
      "risk_reason": "Health",
      "is_eol": null,
      "released": "2016-10-24T21:33:40Z",
      "latest_version": "4.7.0",
      "cadence": 0,
      "committers": null,
      "commits": null
   }
]
